Make	Model	Year	Sell Year	Hours	Sold	In Ca	Steel Tracks	Steel & shoes	Thumb	Bucket (s)	Closed Cab	Cond / 5	Power HP	Weight Kg	Price CAD	Pred (ask)	Pred (bid)	Net (ask)	Net (bid)	Percent Error	Url	Deprec / hr	Deprec / year	Deprec / 5y + 3000hr  + 1 cond	
Hit	ZX50UNA-2	2010	2022.2	7600	1					1		2.5	40	4730	21247	28284	28284	7037	7037	33.1%	https://www.machinerytrader.com/listing/auction-results/210955119/2010-hitachi-zx50una-2-mini-up-to-12000-lbs-excavators	1.329	650	9054	2017
Bob	341G	2007	2021.4	2600	1					1	1	2.5	48	5289	24432	36348	36348	11916	11916	48.8%	https://www.machinerytrader.com/listing/auction-results/203408349/2007-bobcat-341g-mini-up-to-12000-lbs-excavators	1.708	836	11635	-281
Tak	TB180FR	2011	2022.5	5441	1					1	1	2	61	8409	34300	49178	49178	14878	14878	43.4%	https://www.machinerytrader.com/listing/auction-results/214806271/2011-takeuchi-tb180fr-crawler-excavators	2.311	1131	15742	865
Kom	PC30MR-1	2001	2020.7	6593	1					1	1	2	26	2930	10375	12660	12660	2285	2285	22.0%	https://www.machinerytrader.com/listing/auction-results/195948017/2001-komatsu-pc30mr-1-mini-up-to-12000-lbs-excavators	0.595	291	4053	1767
Tak	TB35	1998	2020.7	7697	1					1	1	2	33	3470	12775	15078	15078	2303	2303	18.0%	https://www.machinerytrader.com/listing/auction-results/195907185/1998-takeuchi-tb35-mini-up-to-12000-lbs-excavators	0.709	347	4827	2524
Kub	KX161-3	2008	2022.5	3600		1		1	1	2	1	4.5	47	5242	45500	60196	54598	14696	9098	32.3%	https://www.kijiji.ca/v-heavy-equipment-machinery/mississauga-peel-region/kubota-excavator-kx161-3-hyd-thumb-qc-2bkt-2-s-tr/1623315889?cid=59458f96-7550-4573-966b-ea7278d7af7c	2.566	1255	17477	2782
Cat	304C	2015	2021.5	1182	1				1	1	1	3	43	4800	36675	49761	49761	13086	13086	35.7%	https://www.machinerytrader.com/listing/auction-results/204680245/2015-caterpillar-304c-mini-up-to-12000-lbs-excavators	2.339	1144	15929	2843
Doos	DX35Z	2009	2021.9	4718	1							3	25	3500	18826	22574	22574	3748	3748	19.9%	https://www.machinerytrader.com/listing/auction-results/209052411/2009-doosan-dx35z-mini-up-to-12000-lbs-excavators	1.061	519	7226	3478
Bob	331	2005	2022.4	2100	1	1				1		3.5	40	3259	29000	37304	37304	8304	8304	28.6%	https://www.kijiji.ca/v-heavy-equipment-machinery/peterborough/bobcat-excavator-331-extendahoe/1618868682	1.753	858	11941	3637
Kom	PC40	1994	2020.5	6361	1					1	1	2	38	4670	13585	14366	14366	781	781	5.7%	https://www.machinerytrader.com/listing/auction-results/194351767/komatsu-pc40-mini-up-to-12000-lbs-excavators	0.675	330	4599	3818
Case	CX 75 SR	2007	2022.5	6000		1	1		1	1	1	3	54	7591	40000	50551	45850	10551	5850	26.4%	(acquaintance)	2.155	1054	14677	4126
Bob	337	2008	2022.2	4280	1					1	1	3	53	5039	31743	40196	40196	8453	8453	26.6%	https://www.machinerytrader.com/listing/auction-results/210916709/2008-bobcat-337-mini-up-to-12000-lbs-excavators	1.889	924	12867	4414
Kob	SK55	2015	2022.5	3210		1	1		1	2	1	4.5	37	5060	45500	57852	52472	12352	6972	27.1%	https://www.kijiji.ca/v-heavy-equipment-machinery/mississauga-peel-region/kobelco-excavator-sk55-hyd-thumb-2-bkt-ac/1621415387	2.466	1206	16797	4445
Hit	ZX35U-5	2013	2021.8	2407	1				1	1	1	4	23	3520	30300	37979	37979	7679	7679	25.3%	https://www.machinerytrader.com/listing/auction-results/208738737/2013-hitachi-zx35u-5-mini-up-to-12000-lbs-excavators	1.785	873	12157	4479
Hit	ZX50U-5	2017	2021.9	1047	1				1	1		4.5	36	4790	41605	54564	54564	12959	12959	31.1%	https://www.machinerytrader.com/listing/auction-results/210649855/2017-hitachi-zx50u-5-mini-up-to-12000-lbs-excavators	2.564	1255	17467	4508
Tak	TB145	2006	2021.95	3350	1					1	1	3	38	4881	29149	36229	36229	7080	7080	24.3%	https://www.machinerytrader.com/listing/auction-results/206724835/2006-takeuchi-tb145-mini-up-to-12000-lbs-excavators	1.703	833	11597	4517
Cat	304C CR	2007	2022	3459	1					2	1	4	42	4750	36685	46565	46565	9880	9880	26.9%	https://www.machinerytrader.com/listing/auction-results/194351919/caterpillar-304c-cr-mini-up-to-12000-lbs-excavators	2.189	1071	14906	5026
Cat	304D CR	2012	2021.9	5394	1				1	1	1	4	39	5250	36775	46398	46398	9623	9623	26.2%	https://www.machinerytrader.com/listing/auction-results/210370753/2012-caterpillar-304d-cr-mini-up-to-12000-lbs-excavators	2.181	1067	14853	5229
Volvo	EC55B	2005	2021.4	11707	1					1	1	3	50	5209	19675	21067	21067	1392	1392	7.1%	https://www.machinerytrader.com/listing/auction-results/203306235/2005-volvo-ec55b-mini-up-to-12000-lbs-excavators	0.990	484	6744	5352
Kub	KX040	2013	2022.3	860	1	1			1	3	1	5	42	4490	55000	72992	72992	17992	17992	32.7%	https://www.kijiji.ca/v-heavy-equipment-machinery/red-deer/2013-kx040-kubota/1616668579	3.431	1678	23365	5374
Bob	E26	2015	2022.4	2910		1				1		3.5	25	2950	35500	42409	38465	6909	2965	19.5%	https://www.kijiji.ca/v-heavy-equipment-machinery/cambridge/bobcat-excavator-e26/1620450253	1.808	884	12313	5404
Cat	303.5	2000	2022.4	7470	1					1	1	3	32	3508	22590	25154	25154	2564	2564	11.4%	https://www.machinerytrader.com/listing/auction-results/214007381/2000-caterpillar-303-dot-5-mini-up-to-12000-lbs-excavators	1.182	578	8052	5488
Case	CX 36B	2005	2021.4	4310						1		3	23	3880	21232	21728	19708	496	-1524	2.3%	https://www.machinerytrader.com/listings/construction-equipment/for-sale/204391301/case-cx36b	0.926	453	6309	5812
Cat	305E CR	2012	2021.4	6500	1				1	1	1	4	42	5185	34275	41699	41699	7424	7424	21.7%	https://www.machinerytrader.com/listing/auction-results/203781835/2012-caterpillar-305e-cr-mini-up-to-12000-lbs-excavators	1.960	959	13348	5924
JD	35G	2015	2022.5	3289		1			1	1	1	5	23	3690	50680	63065	57200	12385	6520	24.4%	https://www.ritchielist.com/construction/excavators-excavator/john-deere-35-g/2a9c471e-e882-4863-ab65-53a9325cbaec.html	2.688	1315	18310	5926
YM	Vio 55	2007	2022.4	4057	1	1	1		1	1	1	4	48	5682	34900	42399	42399	7499	7499	21.5%	https://www.kijiji.ca/v-heavy-equipment-machinery/owen-sound/2007-yanmar-vio55-excavator-5-ton-class/m3771903	1.993	975	13572	6073
JCB	8045 ZTS	2015	2021.85	1960	1				1	1		4.5	46	4750	35980	43407	43407	7427	7427	20.6%	https://www.machinerytrader.com/listing/auction-results/208058725/2015-jcb-8045-zts-mini-up-to-12000-lbs-excavators	2.040	998	13895	6468
JD	27D	2014	2022.4	2100	1	1				1	1	4.5	20	2887	39900	49046	49046	9146	9146	22.9%	https://www.kijiji.ca/v-heavy-equipment-machinery/kitchener-waterloo/2014-john-deere-27d-used-mini-excavator/1618472260?cid=94578741-0f4e-4255-9642-a73e495bc810	2.305	1128	15700	6554
Cat	305.5D CR	2012	2021.4	482	1				1	1	1	4	47	5470	46100	57977	57977	11877	11877	25.8%	https://www.machinerytrader.com/listing/auction-results/202943179/2012-caterpillar-305-dot-5d-cr-mini-up-to-12000-lbs-excavators	2.725	1333	18559	6682
YM	Vio 50	2002	2022.5	3200	1				1	1	1	2	38.5	4875	25600	27470	27470	1870	1870	7.3%	(youtube)	1.291	632	8793	6924
Kub	KX161-3	2016	2022.4	4050	1	1			1	1	1	5	47	5242	53500	68301	68301	14801	14801	27.7%	https://www.kijiji.ca/v-heavy-equipment-machinery/mississauga-peel-region/kubota-excavator-kx165-5-hyd-thumb-qc-bkt-ac-heated-lo/1616913806	3.210	1570	21864	7063
Tak	TB260	2015	2022.5	2400		1				1		4	48	5500	54900	66743	60536	11843	5636	21.6%	https://www.kijiji.ca/v-heavy-equipment-machinery/kitchener-waterloo/2015-takeuchi-tb260-excavator-2-400-hrs-excellent-condition/1620244317?cid=0ec96890-7a45-4b36-80ba-15a795771ffa	2.845	1392	19378	7535
Bob	435 AG	2007	2022.4	621	1				1	1	1	4	49	4788	43245	52449	52449	9204	9204	21.3%	https://www.machinerytrader.com/listing/auction-results/213448155/2007-bobcat-435ag-mini-up-to-12000-lbs-excavators	2.465	1206	16789	7586
YM	Vio 17	2012	2022.3	2670		1				2		2	14	1740	20750	18533	16810	-2217	-3940	-10.7%	https://www.ritchielist.com/construction/excavators-excavator/yanmar-vio-17/07d01bb3-a088-4255-aa1a-02b47767ae43.html	0.790	386	5381	7598
Kub	KX91-3	2014	2022.5	1645		1				1		3	28	3232	38900	43696	39632	4796	732	12.3%	https://www.kijiji.ca/v-heavy-equipment-machinery/oakville-halton-region/kubota-kx91-3/m611561	1.863	911	12687	7891
Kub	U25	2015	2022.4	4065		1				1		3	21	2557	31500	33127	30046	1627	-1454	5.2%	https://www.kijiji.ca/v-heavy-equipment-machinery/barrie/2015-kubota-u25-super-series-mini-excavator/m3657228?cid=94578741-0f4e-4255-9642-a73e495bc810	1.412	691	9618	7991
Hit	EX17U	2018	2021.4	1169	1					1		4.5	15	1725	20780	18524	18524	-2256	-2256	-10.9%	https://www.machinerytrader.com/listing/auction-results/204668149/2018-hitachi-ex17u-mini-up-to-12000-lbs-excavators	0.871	426	5930	8186
Hyun	80CR-9A	2014	2021.67	6091	1					1	1	3.5	65	8750	45437	54778	54778	9341	9341	20.6%	https://www.machinerytrader.com/listing/auction-results/206438707/2014-hyundai-robex-80-lc-9-crawler-excavators	2.575	1259	17535	8194
Cat	305.5D	2012	2022.4	5600	1				1	2	1	3	49	5316	40000	46324	46324	6324	6324	15.8%	https://www.kijiji.ca/v-farming-equipment/barrie/cat-6-ton-excavator-with-hyd-thumb/m3708548	2.177	1065	14829	8505
Hit	ZX35UNA-2	2008	2021.3	3235	1				1	1	1	2.5	30	3480	27182	27388	27388	206	206	0.8%	https://www.machinerytrader.com/listing/auction-results/203053151/2008-hitachi-zx35una-2-mini-up-to-12000-lbs-excavators	1.287	630	8767	8561
Kub	KX040	2017	2022.4	976	1				1	1		3	42	4490	40820	47376	47376	6556	6556	16.1%	https://www.machinerytrader.com/listing/auction-results/213493055/2017-kubota-kx040-4-mini-up-to-12000-lbs-excavators	2.227	1089	15166	8609
Bob	E45	2021	2021.4	1967	1					1	1	5	42	4580	53508	65621	65621	12113	12113	22.6%	https://www.machinerytrader.com/listing/auction-results/203186973/2012-bobcat-e45-mini-up-to-12000-lbs-excavators	3.084	1509	21006	8893
Cat	304E2 CR	2017	2022.4	821	1					1		4	40	4080	47116	56032	56032	8916	8916	18.9%	https://www.machinerytrader.com/listing/auction-results/213641837/2017-caterpillar-304e2-cr-mini-up-to-12000-lbs-excavators	2.633	1288	17936	9021
Kom	PC78 US-6	2010	2022.5	4456		1	1		1	2	1	4.5	55	7382	53500	62538	56722	9038	3222	16.9%	https://www.kijiji.ca/v-heavy-equipment-machinery/mississauga-peel-region/komatsu-exc-pc-78-6-hyd-thumb-qc-dig-wrist-bkt-ac/1621849729	2.666	1304	18157	9120
JD	26G	2016	2022.4	1300	1	1			1	1	1	4	20	2770	43000	49416	49416	6416	6416	14.9%	https://www.kijiji.ca/v-heavy-equipment-machinery/owen-sound/2016-deere-26g-low-hours-clean-thumb/1617392736	2.322	1136	15819	9403
JD	27D	2013	2022.4	1247		1			1	1	1	3	20	2887	41980	45108	40913	3128	-1067	7.5%	https://www.kijiji.ca/v-heavy-equipment-machinery/lloydminster-ab/2013-john-deere-27d-mini-excavator/m3523281	1.923	941	13097	9969
JD	35D	2009	2022.4	3200	1	1			1	2	1	4	30	3955	43900	49872	49872	5972	5972	13.6%	https://www.kijiji.ca/v-other-heavy-equipment/edmonton/john-deere-35d-excavator-bobcat-caterpillar-etc/1616842996	2.344	1147	15965	9992
Cat	304E CR	2014	2022.5	3699		1				1	1	4	40	4045	54900	62998	57139	8098	2239	14.8%	https://www.kijiji.ca/v-heavy-equipment-machinery/owen-sound/2014-caterpillar-304e-cr-excavator-4-5-ton-class/m4038447?cid=0f2f0956-b50b-4b02-beda-93b60fa208fd	2.685	1314	18291	10193
Bob	E85	2015	2022.5	2629		1			1	2	1	3.5	66	8626	75000	91292	82802	16292	7802	21.7%	https://www.kijiji.ca/v-heavy-equipment-machinery/edmonton/2015-bobcat-e85-excavator/1620752123	3.892	1904	26506	10214
JD	26G	2020	2022.4	266	1	1				1		3	20	2770	39800	42954	42954	3154	3154	7.9%	https://www.kijiji.ca/v-heavy-equipment-machinery/ottawa/excavator-john-deere-26g-2020/1613550527	2.019	988	13750	10596
Kub	U35-4	2016	2021.5	398					1	1		4	25	3600	38762	39211	35564	449	-3198	1.2%	https://www.machinerytrader.com/listings/construction-equipment/for-sale/204270745/2016-kubota-u35-4	1.671	818	11384	10936
Kom	PC35MR-3	2014	2022.5	1922		1				1	1	4.5	30	3580	50000	55002	49887	5002	-113	10.0%	https://www.kijiji.ca/v-heavy-equipment-machinery/ottawa/2014-komatsu-pc35mr-3-excavator/1619177140?cid=5927338a-11ee-4ed8-ba8c-3f7656cb8278	2.345	1147	15969	10967
Cat	305 CR	2013	2022.4	5250	1	1			1	1	1	4	45	5754	51000	58504	58504	7504	7504	14.7%	https://www.kijiji.ca/v-heavy-equipment-machinery/nelson/2013-305-cr/1614700449	2.750	1345	18728	11224
Hit	ZX17U-2	2013	2021.9	683	1				1	2		4.5	15	1850	27267	23464	23464	-3803	-3803	-13.9%	https://www.machinerytrader.com/listing/auction-results/210358315/2013-hitachi-zx17u-2-mini-up-to-12000-lbs-excavators	1.103	539	7511	11314
JD	17G	2018	2022.4	1345		1			1	1		4	15	1720	37000	35989	32642	-1011	-4358	-2.7%	https://www.kijiji.ca/v-heavy-equipment-machinery/edmonton/2018-john-deere-17g-mini-excavator/m3624989?cid=b61721b9-ee25-4b9f-89f9-1d98b30bfa6a	1.534	750	10449	11460
Cat	308C	2016	2022.5	3800		1	1			1	1	4	65	8400	76000	90781	82338	14781	6338	19.4%	https://www.kijiji.ca/v-equipement-lourd-autres/laurentides/2016-caterpillar-308c-excavator/1622253626	3.870	1893	26357	11576
JCB	8018	2014	2022.3	2650	1	1				3		4.5	19	1662	33500	32166	32166	-1334	-1334	-4.0%	https://www.kijiji.ca/v-heavy-equipment-machinery/mississauga-peel-region/jcb-mini-excavator/1612781042?cid=94578741-0f4e-4255-9642-a73e495bc810	1.512	740	10297	11630
Kub	KX71-3	2017	2022.4	325		1			1	3	1	4.5	27	2860	62000	70944	64346	8944	2346	14.4%	https://www.kijiji.ca/v-view-details.html?adId=1611733604	3.024	1479	20598	11654
JD	27D	2013	2022.5	2500	1	1			1	1	1	4	20	2887	42000	44560	44560	2560	2560	6.1%	https://www.kijiji.ca/v-heavy-equipment-machinery/owen-sound/2013-john-deere-27d-excavator-with-thumb/1617544912?cid=18fb779a-e813-46fb-87dc-a66898d5d348	2.094	1024	14264	11704
Hit	ZX35UNA-2	2009	2021.4	3005	1				1	1	1	3.5	30	3480	34085	32806	32806	-1279	-1279	-3.8%	https://www.machinerytrader.com/listing/auction-results/203022131/2009-hitachi-zx35una-2-mini-up-to-12000-lbs-excavators	1.542	754	10502	11781
Kub	U55	2014	2022.6	1183		1			1	2	1	5	48	5391	74000	87534	79394	13534	5394	18.3%	https://www.kijiji.ca/v-heavy-equipment-machinery/kawartha-lakes/u55-kubota-excavator/1623962641	3.731	1825	25415	11881
Tak	TB180FR	2014	2021.75	2416	1				1	1	1	3.75	61	8409	60580	71508	71508	10928	10928	18.0%	https://www.machinerytrader.com/listing/auction-results/206930263/2014-takeuchi-tb180fr-crawler-excavators	3.361	1644	22890	11963
JCB	55Z-1	2016	2020.75	2552	1					1		4	48	5391	37172	36810	36810	-362	-362	-1.0%	https://www.machinerytrader.com/listing/auction-results/196516851/2016-jcb-55z-1-mini-up-to-12000-lbs-excavators	1.730	846	11783	12145
Cat	304 CR	2005	2022.4	4732	1				1	1	1	3	36	4080	35500	34251	34251	-1249	-1249	-3.5%	https://www.machinerytrader.com/listing/auction-results/213849235/2005-caterpillar-304cr-mini-up-to-12000-lbs-excavators	1.610	787	10964	12213
JD	27D	2014	2022.4	4220		1			1	1	1	4	20	2887	45000	45655	41409	655	-3591	1.5%	https://www.kijiji.ca/v-heavy-equipment-machinery/kitchener-waterloo/john-deere-excavator/1616491844	1.946	952	13255	12601
Terex	TC 37	2010	2022.5	1605		1			1	2	1	4	29	3650	43500	43527	39479	27	-4021	0.1%	https://www.ritchielist.com/construction/excavators-mini-excavator-6-6t/terex-tc-37/01cbb076-8e09-4873-b8a9-d8fb080b9f7d.html	1.855	908	12638	12611
Kub	KX040-4	2018	2022.5	2950		1	1		1	1	1	5	42	4490	64500	73085	66288	8585	1788	13.3%	https://www.kijiji.ca/v-heavy-equipment-machinery/markham-york-region/kubota-kx040-4-excavator/m4071061?cid=9267c8c9-5f90-4414-a6d7-ea7994397eb1	3.115	1524	21220	12634
Kub	KX91-3	2016	2022.5	1520		1			1	1	1	4	28	3232	55000	59442	53914	4442	-1086	8.1%	https://www.kijiji.ca/v-heavy-equipment-machinery/barrie/2016-kubota-kx91-3/1621301051?cid=5927338a-11ee-4ed8-ba8c-3f7656cb8278	2.534	1240	17258	12817
Cat	305D	2011	2022.5	5307	1	1				1	1	4	43	5155	49500	53734	53734	4234	4234	8.6%	https://www.kijiji.ca/v-equipement-lourd/victoriaville/2011-caterpillar-305d-cr-excavatrice-pelle-mecanique/m1609112	2.525	1235	17201	12967
Bob	E35i	2016	2022.4	1950	1	1			1	2		4	25	3387	45000	47092	47092	2092	2092	4.6%	https://www.kijiji.ca/v-heavy-equipment-machinery/brantford/bobcat-e35i-excavator/1618206148	2.213	1083	15075	12983
JD	35G	2017	2022.4	1163	1	1				2	1	5	23	3690	59500	68317	68317	8817	8817	14.8%	https://www.machinerytrader.com/listing/for-sale/214458623/2017-deere-35g-mini-up-to-12000-lbs-excavators	3.211	1571	21869	13052
Bob	337G	2005	2021.2	6748	1				1	1	1	4	53	5039	35990	33413	33413	-2577	-2577	-7.2%	https://www.machinerytrader.com/listing/auction-results/202610367/2005-bobcat-337g-mini-up-to-12000-lbs-excavators	1.570	768	10696	13273
JCB	8035 ZTS	2012	2022.1	1311	1					1		5	27	3651	37850	36123	36123	-1727	-1727	-4.6%	https://www.machinerytrader.com/listing/auction-results/211123367/2012-jcb-8035-zts-mini-up-to-12000-lbs-excavators	1.698	831	11563	13291
Kub	KX040-4	2015	2020.8	2118	1					1	1	4.5	42	4490	45472	47223	47223	1751	1751	3.9%	https://www.machinerytrader.com/listing/auction-results/192192901/2015-kubota-kx040-4-mini-up-to-12000-lbs-excavators	2.219	1086	15117	13365
Bob	341D	2001	2021.2	4782	1				1	1	1	4.5	48	5289	37788	35775	35775	-2013	-2013	-5.3%	https://www.machinerytrader.com/listing/auction-results/200337985/2001-bobcat-341d-mini-up-to-12000-lbs-excavators	1.681	823	11452	13465
Cat	305	2005	2022.4	10000		1		1		1	1	3.5	45	5185	40000	37323	33852	-2677	-6148	-6.7%	https://www.kijiji.ca/v-heavy-equipment-machinery/sault-ste-marie/2005-cat-excavator-305/1620369113?cid=e36eacf8-77b0-40a3-9ea2-edaaa50e7ec8	1.591	778	10837	13513
Kub	KX040-4	2019	2021.3	588	1				1	1	1	2	42	4490	43204	43402	43402	198	198	0.5%	https://www.machinerytrader.com/listing/auction-results/202442669/2019-kubota-kx040-4-mini-up-to-12000-lbs-excavators	2.040	998	13893	13696
YM	Vio 45	2012	2022.4	1858	1				1	1		3	30	4430	36545	33035	33035	-3510	-3510	-9.6%	https://www.machinerytrader.com/listing/auction-results/213409171/2012-yanmar-vio45-mini-up-to-12000-lbs-excavators	1.553	760	10575	14085
Bob	E50	2010	2022.4	3400	1	1				1	1	3	50	4864	46500	47656	47656	1156	1156	2.5%	https://www.kijiji.ca/v-heavy-equipment-machinery/oakville-halton-region/bobcat-e50-excavator-mini/1611713543?cid=28ac939b-1dad-487a-b34c-a6911b3288df	2.240	1096	15255	14100
Cat	305.5	2013	2022.3	2700	1	1			1	1	1	3	42	5400	52000	55371	55371	3371	3371	6.5%	https://www.kijiji.ca/v-heavy-equipment-machinery/peterborough/cat-excavator/1616913397?cid=fd05e9ec-578a-4d19-9fb8-1e9cf91625f6	2.602	1273	17725	14354
Bob	E80	2011	2022.4	1877	1	1			1	3	1	3.5	54	8495	66990	77319	77319	10329	10329	15.4%	https://www.kijiji.ca/v-heavy-equipment-machinery/lloydminster-ab/2011-bobcat-e80-midi-excavator-pending-deal/m3625156	3.634	1778	24751	14422
WN	3503	2013	2022.4	1062		1			1	2	1	4	31	4286	55000	57127	51814	2127	-3186	3.9%	https://www.kijiji.ca/v-heavy-equipment-machinery/edmonton/2013-mini-excavator-for-sale/1617124033	2.435	1191	16586	14459
YM	Vio 55B	2011	2022.5	3840				1				4	48	5380	44500	41903	38006	-2597	-6494	-5.8%	https://www.kijiji.ca/v-heavy-equipment-machinery/mississauga-peel-region/yanmar-excavator-vio-55-hyd-thumb-2-bkt-3-valve/1621033813	1.786	874	12166	14763
JD	35D	2013	2022.4	2084		1			1	1	1	4	30	3955	58500	61320	55617	2820	-2883	4.8%	https://www.kijiji.ca/v-heavy-equipment-machinery/edmonton/2013-deere-35d/m3390771	2.614	1279	17804	14984
Kom	PC55 MR	2016	2022.4	2499	1	1	1		1	1	1	4	38	5150	49995	51220	51220	1225	1225	2.5%	https://www.kijiji.ca/v-heavy-equipment-machinery/calgary/2016-komatsu-mini-excavator-under-2500hrs-priced-to-sell/1595447742?cid=17628a10-c1d4-44d6-828c-7723baf69cd5	2.407	1178	16396	15171
Bob	E42	2019	2021.95	971	1				1	1	1	4.5	43	4205	59243	64501	64501	5258	5258	8.9%	https://www.machinerytrader.com/listing/auction-results/209987405/2019-bobcat-e42-mini-up-to-12000-lbs-excavators	3.031	1483	20648	15389
JD	35G	2018	2022.4	1730	1	1			1	2	1	4	23	3690	56000	59599	59599	3599	3599	6.4%	https://www.kijiji.ca/v-heavy-equipment-machinery/calgary/2018-john-deere-35g-excavator/1610121504?cid=28ac939b-1dad-487a-b34c-a6911b3288df	2.801	1370	19078	15479
Cat	306E	2018	2022.4	2700	1	1	1			1	1	4	47	5818	63995	70515	70515	6520	6520	10.2%	https://www.kijiji.ca/v-heavy-equipment-machinery/yarmouth/sold-2018-cat-306-excavator-steel-tracks-w-front-blade/1617961796?cid=ef18b9ba-33a6-4d1b-b1cc-30891f0fd5a6	3.314	1621	22573	16053
Tak	TB290	2017	2020.9	1316	1				1		1	4	69	8450	68167	76302	76302	8135	8135	11.9%	https://www.machinerytrader.com/listing/auction-results/198884545/2017-takeuchi-tb290-crawler-excavators	3.586	1754	24425	16290
Case	CX 37C	2020	2022	43	1				1	3	1	5	24	3760	61125	65501	65501	4376	4376	7.2%	https://www.machinerytrader.com/listing/auction-results/194436395/case-cx37c-mini-up-to-12000-lbs-excavators	3.078	1506	20968	16592
Hit	ZX60U	2022	2022.5	2		1			1	1	1	5	55	6083	101000	118783	107737	17783	6737	17.6%	https://www.kijiji.ca/v-heavy-equipment-machinery/sudbury/new-2022-hitachi-zx50u-zx60-excavator-arriving-in-july/1611389363	5.063	2477	34488	16704
Cat	303.5 E2	2019	2022.5	850		1			1	2	1	5	24	3723	75000	81642	74049	6642	-951	8.9%	https://www.ritchielist.com/construction/excavators-excavator/caterpillar-303-5/a986aa93-c72d-4c2e-92c4-77f081acc508.html	3.480	1703	23704	17062
Volvo	EC55B	2005	2022.4	2552	1				1	1	1	4	50	5209	45200	41295	41295	-3905	-3905	-8.6%	https://www.machinerytrader.com/listing/auction-results/213663161/2005-volvo-ec55b-mini-up-to-12000-lbs-excavators	1.941	949	13219	17124
Kub	KX033-4	2018	2021.4	307	1				1	1		4	25	3454	41740	36013	36013	-5727	-5727	-13.7%	https://www.machinerytrader.com/listings/construction-equipment/for-sale/147493319/2018-kubota-kx033-4	1.693	828	11528	17255
Hyun	R60CR	2014	2022.3	3786	1	1			1	1	1	4.5	63	6100	59900	62593	62593	2693	2693	4.5%	https://www.kijiji.ca/v-other-heavy-equipment/grande-prairie/2014-hyundai-r60cr-mini-excavator-financing-available/1615827807	2.942	1439	20037	17344
JD	35G	2017	2022.4	930		1			1	1	1	4	23	3690	63000	64020	58066	1020	-4934	1.6%	https://www.kijiji.ca/v-heavy-equipment-machinery/edmonton/2017-john-deere-35g-mini-excavator-long-arm/m3625039	2.729	1335	18588	17568
Kub	KX033-4	2019	2021.9	626	1				1	1	1	4.5	25	3454	52712	51357	51357	-1355	-1355	-2.6%	https://www.machinerytrader.com/listing/auction-results/209102125/2019-kubota-kx033-4-mini-up-to-12000-lbs-excavators	2.414	1181	16440	17795
JD	85G	2014	2022.4	4917		1		1	1	1	1	3.5	57	8729	74900	79833	72408	4933	-2492	6.6%	https://www.kijiji.ca/v-heavy-equipment-machinery/owen-sound/2014-john-deere-85g-excavator/m3849185	3.403	1665	23179	18246
Cat	305E CR	2012	2021.4	6500					1	1	1	4	42	5185	50940	45975	41699	-4965	-9241	-9.7%	https://www.machinerytrader.com/listings/construction-equipment/for-sale/203781835/2012-cat-305e-cr	1.960	959	13348	18314
Doos	DX50	2019	2022.3	7	1					1		5	46	5218	68050	73095	73095	5045	5045	7.4%	https://www.machinerytrader.com/listing/auction-results/213713927/2019-doosan-dx50-mini-up-to-12000-lbs-excavators	3.435	1681	23399	18353
Bob	E35	2018	2022.4	1000		1			1		1	4	25	5162	67000	68210	61866	1210	-5134	1.8%	https://www.kijiji.ca/v-heavy-equipment-machinery/edmonton/2018-bobocat-e35-compact-excavator/m3354102	2.908	1422	19804	18594
Bob	E85	2013	2022.4	1700		1			1	1	1	4.5	66	8626	90000	100501	91154	10501	1154	11.7%	https://www.kijiji.ca/v-heavy-equipment-machinery/sudbury/2013-bobcat-e85/1617442884	4.284	2096	29179	18679
JD	35G	2016	2022.4	2600		1			1	1	1	4	23	3690	59900	57827	52449	-2073	-7451	-3.5%		2.465	1206	16789	18863
Cat	308	2012	2022.5	3200		1		1		1	1	4.5	65	8400	85000	92789	84160	7789	-840	9.2%	https://www.kijiji.ca/v-heavy-equipment-machinery/moncton/2012-cat-308d-excavator/1622906405	3.955	1935	26941	19151
Hit	ZX75US-5B	2015	2022.5	3500		1	1		1	2	1	5	57	8265	89500	98881	89685	9381	185	10.5%	https://www.kijiji.ca/v-heavy-equipment-machinery/delta-surrey-langley/2015-hitachi-zx75us-5b/1619274598	4.215	2062	28709	19328
Kub	KX57-4	2018	2022.5	2250	1	1			1	1	1	5	48	5725	75000	81578	81578	6578	6578	8.8%	https://www.kijiji.ca/v-equipement-lourd/laurentides/pelle-kubota-2018/1613783071	3.834	1876	26114	19536
JD	35G	2022	2022.5	110	1	1			1	2	1	5	23	3690	75000	81332	81332	6332	6332	8.4%	https://www.kijiji.ca/v-heavy-equipment-machinery/st-albert/2022-35g-john-deere-mini-excavator/1616928787	3.823	1870	26035	19703
NH	E37C	2019	2022.3	430	1	1			1	1	1	5	24	3700	69000	72385	72385	3385	3385	4.9%	https://www.kijiji.ca/v-heavy-equipment-machinery/saskatoon/2019-new-holland-mini-excavator/1613729037	3.402	1664	23171	19787
Bob	E42	2017	2022.4	2012		1			1	1	1	4	43	4205	69900	70041	63528	141	-6372	0.2%	https://www.kijiji.ca/v-equipement-lourd/ouest-de-lile-qc/2017-bobcat-e42-4-2-tonnes-cabine-bras-extensible/1612140905	2.986	1461	20336	20194
Hyun	R35Z-9A	2017	2022.3	1293	1				1	1	1	3.5	24	3840	48708	41867	41867	-6841	-6841	-14.0%	https://www.machinerytrader.com/listing/auction-results/199080205/2018-hyundai-robex-35z-9a-mini-up-to-12000-lbs-excavators	1.968	963	13402	20243
Cat	308E2	2016	2022.5	7475		1	1		1	1	1	4.5	65	8400	77900	81217	73664	3317	-4236	4.3%	https://www.kijiji.ca/v-view-details.html?adId=1617560162	3.462	1694	23581	20264
JD	75D	2012	2022.4	6100		1		1		3	1	4	57	8143	75000	77127	69954	2127	-5046	2.8%	https://www.kijiji.ca/v-heavy-equipment-machinery/delta-surrey-langley/2012-deere-75d-hydraulic-excavator/1620325168	3.288	1608	22393	20266
Cael	C62	2021	2022.5	2		1	1			1	1	5	51	6200	69999	70015	63503	16	-6496	0.0%	https://www.capitalautoequipment.com/product/excavator-6-2-ton-with-yanmar-engine/	2.985	1460	20328	20313
Kub	KX033-4	2021	2021.6	2	1				1	1	1	5	25	3454	58472	56005	56005	-2467	-2467	-4.2%	https://www.machinerytrader.com/listing/auction-results/205976783/2021-kubota-kx033-4-mini-up-to-12000-lbs-excavators	2.632	1288	17928	20395
Volvo	ECR 38 	2005	2022.4	2667		1				1	1	3	27	3336	44500	33667	30536	-10833	-13964	-24.3%	https://www.kijiji.ca/v-heavy-equipment-machinery/red-deer/2005-volvo-ecr-38-mini-excavator-2735/m3187764?cid=18a846bb-7721-4cd2-91f1-6763358c7047	1.435	702	9775	20608
Kub	KX040-4	2022	2022.4	25		1			1	1	1	5	42	4490	90000	97717	88630	7717	-1370	8.6%	https://www.kijiji.ca/v-heavy-equipment-machinery/oakville-halton-region/2022-kubota-kx040-4-compact-excavator/1618968593?cid=a9454401-f4ad-40e6-bd70-4022fb61dc29	4.165	2038	28371	20654
Tak	TB180FR	2006	2022.4	4800	1				1	1	1	2.5	61	8409	53158	47608	47608	-5550	-5550	-10.4%	https://www.machinerytrader.com/listing/auction-results/213480481/2006-takeuchi-tb180fr-crawler-excavators	2.238	1095	15240	20790
JCB	55Z-1	2016	2021.7	1113	1					1		4.5	48	5391	53840	48604	48604	-5236	-5236	-9.7%	https://www.machinerytrader.com/listing/auction-results/206650329/2016-jcb-55z-1-mini-up-to-12000-lbs-excavators	2.284	1117	15559	20795
JD	35G	2015	2022.4	1104					1	1	1	4	23	3690	59670	54447	49383	-5223	-10287	-8.8%	https://fleetupmarketplace.com/Listing/mini-excavators-2015-john-deere-35g/206107	2.321	1135	15808	21031
JCB	48Z-1	2021	2022.5	80		1				2	1	5	36	4792	81500	85193	77270	3693	-4230	4.5%	https://www.kijiji.ca/v-heavy-equipment-machinery/markham-york-region/2021-jcb-excavator/1622417401?cid=ccf5ebe1-f808-4188-b829-27ff81cece93	3.632	1777	24735	21042
JD	35G	2019	2022.4	572		1			1	2	1	4.5	23	3690	74900	75732	68689	832	-6211	1.1%	https://www.kijiji.ca/v-farming-equipment/st-albert/2019-john-deere-35g-excavator/m603634?cid=dfe675c7-6631-4a70-a486-04af4718c01e	3.228	1579	21988	21156
Kub	U35	2017	2022.5	1000	1	1			1	2		4.5	25	2019	55000	49554	49554	-5446	-5446	-9.9%	https://www.kijiji.ca/v-view-details.html?adId=1614803661	2.329	1139	15863	21309
Kub	KX040-4	2019	2021.8	1495	1				1	1	1	5	42	4490	65928	65603	65603	-325	-325	-0.5%	https://www.machinerytrader.com/listing/auction-results/208961053/2019-kubota-kx040-4-mini-up-to-12000-lbs-excavators	3.083	1508	21000	21325
Case	CX 37C	2020	2022.3	800		1			1	3	1	4.5	24	3760	75000	75335	68328	335	-6672	0.4%	https://www.kijiji.ca/v-heavy-equipment-machinery/fredericton/37c-case-excavator/1618973913	3.211	1571	21873	21538
Tak	TB260	2018	2021.1	1101	1				1	1	1	4	48	5511	62124	59647	59647	-2477	-2477	-4.0%	https://www.machinerytrader.com/listing/auction-results/210964597/takeuchi-tb175-crawler-excavators	2.803	1371	19094	21571
Kub	KX033-4	2021	2022.5	210		1			1	1		5	25	3454	70500	68860	62456	-1640	-8044	-2.3%	https://www.kijiji.ca/v-heavy-equipment-machinery/barrie/kubota-kx-0033-4/1620253302?cid=789aafe3-3693-4a3c-a176-db530bd69189	2.935	1436	19993	21633
JD	35D	2008	2022.3	3300	1	1			1	2	1	4	30	3955	55000	47922	47922	-7078	-7078	-12.9%	https://www.kijiji.ca/v-heavy-equipment-machinery/smithers/john-deere-35d/1617367831?cid=2d9e1d72-d7ee-44c1-a3d7-0b833ffd7c70	2.252	1102	15341	22418
Hit	ZX75U	2014	2022.4	4140		1	1				1	4	54	8035	76400	76029	68959	-371	-7441	-0.5%	https://www.kijiji.ca/v-equipement-lourd/laval-rive-nord/2014-hitachi-zx75u/m2624470	3.241	1585	22074	22445
Bob	E45	2019	2020.9	105	1					1	1	5	42	4580	65789	63441	63441	-2348	-2348	-3.6%	https://www.machinerytrader.com/listing/auction-results/199449467/2019-bobcat-e45-zts-mini-up-to-12000-lbs-excavators	2.982	1459	20308	22656
Volvo	EC60E	2019	2022.6	152		1			1	2	1	5	59	7018	97500	105372	95572	7872	-1928	8.1%	https://www.ritchielist.com/construction/excavators-excavator/volvo-ec-60/5cbedead-c645-4d08-bdb5-a8fa4e6506db.html	4.492	2197	30594	22722
Kub	KX040	2015	2022.3	3015		1			1	1	1	3.5	42	4490	64500	58851	53378	-5649	-11122	-8.8%	https://www.kijiji.ca/v-equipement-lourd/victoriaville/2015-kubota-kx040-4-excavatrice-pelle-mecanique/m3880167	2.509	1227	17087	22736
Bob	E80	2012	2022.5	4550	1	1			1	2	1	3.5	54	8495	69500	68672	68672	-828	-828	-1.2%	https://www.kijiji.ca/v-heavy-equipment-machinery/barrie/bobcat-e80-excavator/1621133760	3.228	1579	21983	22811
Hyun	R35Z-9A	2017	2022.4	1293		1			1	1	1	3.5	24	3840	59900	52034	47195	-7866	-12705	-13.1%	https://www.kijiji.ca/v-farming-equipment/kawartha-lakes/2017-hyundai-r35z-9a-r35z9a/m3607767?cid=18a846bb-7721-4cd2-91f1-6763358c7047	2.218	1085	15108	22974
Tak	TB153FR	2014	2021.5	1216	1				1	1	1	3.5	38	5647	58070	51609	51609	-6461	-6461	-11.1%	https://www.machinerytrader.com/listing/auction-results/203960125/2014-takeuchi-tb153fr-crawler-excavators	2.426	1187	16521	22982
Tak	TB260	2016	2021.3	1899	1				1	1		3.5	48	5511	54545	46353	46353	-8192	-8192	-15.0%	https://www.machinerytrader.com/listing/auction-results/202591581/2016-takeuchi-tb260-crawler-excavators	2.179	1066	14838	23030
Volvo	ECR88D	2014	2022.5	4935		1				1	1	4.5	58	9091	79900	80013	72572	113	-7328	0.1%	https://www.kijiji.ca/v-heavy-equipment-machinery/lethbridge/2014-volvo-ecr88d-midi-excavator/1614558025?cid=94578741-0f4e-4255-9642-a73e495bc810	3.411	1669	23231	23118
YM	Vio 80	2010	2022.4	3000	1	1	1		1	2	1	4	57	8220	65000	61483	61483	-3517	-3517	-5.4%	https://www.kijiji.ca/v-heavy-equipment-machinery/belleville/2010-yanmar-vio80-with-wrist-tilt-bucket-and-digging-bucket/1619062971	2.890	1414	19682	23198
JD	50G	2013	2022.4	3431					1	1	1	5	36	4730	70135	65951	59818	-4184	-10317	-6.0%	https://fleetupmarketplace.com/Listing/mini-excavators-2013-john-deere-50g/206097	2.811	1375	19148	23332
JCB	55Z-1	2019	2021.95	831	1					1		5	48	5391	63087	58272	58272	-4815	-4815	-7.6%	https://www.machinerytrader.com/listing/auction-results/210645139/2019-jcb-55z-1-mini-up-to-12000-lbs-excavators	2.739	1340	18653	23469
Cat	308E	2013	2022.5	7800	1	1			1	1	1	4.5	65	8400	71900	71119	71119	-781	-781	-1.1%	https://www.kijiji.ca/v-equipement-lourd/st-georges-de-beauce/caterpillar-308e-2013/1619502860	3.342	1635	22766	23547
Volvo	EC55D	2016	2020.8	46	1		1			2	1	4.5	50	5500	58769	51678	51678	-7091	-7091	-12.1%	https://www.machinerytrader.com/listing/auction-results/197631787/2016-volvo-ec55d-mini-up-to-12000-lbs-excavators	2.429	1188	16543	23634
JD	75D	2012	2022.6	4596		1		1		2	1	4.25	57	8143	84500	84656	76783	156	-7717	0.2%	https://www.kijiji.ca/v-farming-equipment/barrie/john-deere-75d-excavator-super-clean-8-ton/m4182282	3.609	1765	24579	24423
Cat	305.5E CR	2013	2022.4	1625	1	1			1	1	1	4	44	5270	70000	66786	66786	-3214	-3214	-4.6%	https://www.kijiji.ca/v-heavy-equipment-machinery/sudbury/cat-305-5-e-cr-mini-excavator/1618309511	3.139	1536	21379	24593
WN	ET90	2017	2022.5	328		1			1	1	1	4	75	9035	97000	101937	92457	4937	-4543	5.1%	https://www.ritchielist.com/construction/excavators-excavator/wacker-neuson-et90/64017349-5e3e-47bd-a272-85a251112fb2.html	4.345	2126	29596	24660
Hit	ZX75US-3	2009	2022.4	6200		1		1		4	1	3.5	57	8265	72000	66691	60489	-5309	-11511	-7.4%	https://www.kijiji.ca/v-equipement-lourd/laval-rive-nord/excavatrice-hitachi-zx75us-3-2009/1620623193	2.843	1391	19363	24672
YM	Vio 80	2016	2022.4	4343		1	1		1	2	1	4	57	8220	76700	73173	66367	-3527	-10333	-4.6%	https://www.kijiji.ca/v-equipement-lourd/laval-rive-nord/excavatrice-yanmar-vio80/m3802891	3.119	1526	21245	24772
Kub	U40-4	2017	2022.3	2800	1				1	1	1	4	42	4490	62500	55214	55214	-7286	-7286	-11.7%	https://www.kijiji.ca/v-view-details.html?adId=1616999928	2.595	1269	17675	24961
Hit	ZX50U	2022	2022.4	2		1			1	1	1	5	37	4790	96750	101145	91739	4395	-5011	4.5%	https://www.kijiji.ca/v-heavy-equipment-machinery/sudbury/new-2022-hitachi-zx50u/1620767177?cid=c400eb00-3a1e-4999-bf10-57487f420a12	4.312	2109	29367	24971
JD	50D	2011	2022.4	1500	1	1			1	1	1	4	36	4909	66500	60731	60731	-5769	-5769	-8.7%	https://www.kijiji.ca/v-heavy-equipment-machinery/barrie/deere-50d-excavator-only-1500-hours/1617391033	2.854	1396	19441	25209
Hit	ZX85US 	2010	2022.4	7200	1	1		1		1	1	4.5	53	8930	69900	65602	65602	-4298	-4298	-6.1%	https://www.kijiji.ca/v-equipement-lourd/st-georges-de-beauce/hitachi-zx-85-us-2010/1619504147	3.083	1508	21000	25298
Kub	KX040	2017	2022.3	1110		1			1	2	1	4.5	42	4490	81600	79267	71895	-2333	-9705	-2.9%	https://www.kijiji.ca/v-equipement-lourd/ville-de-quebec/2017-kubota-kx-40/m2624495	3.379	1653	23014	25348
Bob	442	2002	2022.4	5829		1			1	1	1	3	73	7500	60000	48763	44228	-11237	-15772	-18.7%	https://www.kijiji.ca/v-heavy-equipment-machinery/oshawa-durham-region/bobcat-442-excavator/1620511308?cid=59458f96-7550-4573-966b-ea7278d7af7c	2.079	1017	14158	25395
Kub	KX57-5	2021	2022.5	542		1	1		1	2	1	5	48	5682	97000	100855	91476	3855	-5524	4.0%	https://www.kijiji.ca/v-heavy-equipment-machinery/new-glasgow-ns/kubota-kx057-5/1621212494	4.299	2103	29282	25427
Kub	U55G	2011	2022.6	1885		1			1	1	1	4.5	48	5507	76980	72485	65744	-4495	-11236	-5.8%	https://www.kijiji.ca/v-heavy-equipment-machinery/red-deer/2011-kubota-excavator-u55g-thumb-2-buckets-0-down-financing/1616514566?cid=94578741-0f4e-4255-9642-a73e495bc810	3.090	1512	21045	25541
JD	50G	2022	2022.4	0	1	1			1	2	1	5	36	4730	92000	97729	97729	5729	5729	6.2%	https://www.kijiji.ca/v-heavy-equipment-machinery/edmonton/brand-new/1619009600	4.593	2247	31284	25556
JD	85D	2013	2022.5	4675		1			1	1	1	4	55	7136	79900	76529	69412	-3371	-10488	-4.2%	https://www.kijiji.ca/v-heavy-equipment-machinery/lethbridge/2013-deere-85d-midi-excavator-w-thumb/1606481768	3.262	1596	22219	25591
JD	50G	2020	2022.4	1054	1	1			1	1	1	4	36	4730	77000	75518	75518	-1482	-1482	-1.9%	https://www.kijiji.ca/v-heavy-equipment-machinery/kitchener-waterloo/2020-john-deere-50g-excavator/1598616907	3.549	1736	24174	25656
Cat	305.5 E2 CR	2019	2022.3	2889		1			1	1	1	5	42	5400	89500	89963	81597	463	-7903	0.5%	https://www.kijiji.ca/v-heavy-equipment-machinery/markham-york-region/2019-cat-305-5/1614991887	3.835	1876	26120	25657
Case	CX 135	2010	2022.4	6000		1		1	1	1	1	4.5	95	11700	94900	97461	88398	2561	-6502	2.7%	https://www.kijiji.ca/v-equipement-lourd/st-georges-de-beauce/case-cx-135-sr-2010/1619501419	4.155	2032	28297	25736
Kob	SK45SRX-6E	2021	2022.5	0		1	1		1	2	1	5	37	4590	82500	79798	72377	-2702	-10123	-3.3%	https://www.kijiji.ca/v-heavy-equipment-machinery/ottawa/2021-kobelco-sk45srx-6e-we-finance-all-types-of-credit/m4139536	3.402	1664	23169	25870
Cat	308E2 CR 	2015	2022.5	4187		1		1		1	1	3.5	65	8400	85300	83529	75761	-1771	-9539	-2.1%	https://www.kijiji.ca/v-heavy-equipment-machinery/oshawa-durham-region/2015-caterpillar-308e2-cr-excavator/1606699014?cid=f78f1162-363c-42e5-ba51-140e1eb52753	3.561	1742	24252	26023
JD	60G	2018	2022.4	1133	1	1			1	2	1	4.5	53	6180	89500	92840	92840	3340	3340	3.7%	https://www.kijiji.ca/v-farming-equipment/barrie/john-deere-60g-mini-x/m3798657?cid=94578741-0f4e-4255-9642-a73e495bc810	4.363	2135	29719	26379
Hit	ZX30U-5N	2021	2022.4	97	1				1	2	1	4.5	23	3030	67935	61050	61050	-6885	-6885	-10.1%	https://www.machinerytrader.com/listing/auction-results/211903145/2021-hitachi-zx30u-5n-mini-up-to-12000-lbs-excavators	2.869	1404	19543	26428
JD	50G	2015	2022.5	2675						1		4	36	4730	66820	56651	51383	-10169	-15437	-15.2%	https://fleetupmarketplace.com/Listing/mini-excavators-2015-john-deere-50g/211017	2.415	1181	16448	26617
Kub	U35	2008	2022.5	1587		1			1	2	1	4	25	2019	59900	46509	42184	-13391	-17716	-22.4%	https://www.kijiji.ca/v-heavy-equipment-machinery/edmonton/kubota-u35-cab-excavator-low-hours/1615384937?cid=5927338a-11ee-4ed8-ba8c-3f7656cb8278	1.983	970	13504	26894
Bob	E35	2019	2022.5	1000	1	1			1		1	4.5	25	5162	73500	68360	68360	-5140	-5140	-7.0%	https://www.kijiji.ca/v-farming-equipment/london/2019-bobcat-e35/m3372642?cid=97a553ef-6adf-4586-81ff-c6822509a524	3.213	1572	21883	27023
Cat	308	2015	2022.4	4800		1		1	1	1	1	4	65	8400	88000	85678	77710	-2322	-10290	-2.6%	https://www.kijiji.ca/v-heavy-equipment-machinery/oakville-halton-region/308-cat/1618383229	3.652	1787	24876	27198
JD	85D	2011	2022.5	5229		1		1		2	1	3.5	55	7136	75000	66683	60481	-8317	-14519	-11.1%	https://www.kijiji.ca/v-equipement-lourd/ville-de-quebec/vente-pelle-john-deere-85-d-2011/1621931902	2.843	1391	19361	27678
Hit	ZX60USB-5 	2019	2022.5	399		1			1	1	1	5	53	6158	105000	108854	98730	3854	-6270	3.7%	https://www.ritchielist.com/construction/excavators-excavator/hitachi-zx-60-us-b/1a2c0faf-26cc-4712-b4a5-23f1d7866f10.html	4.640	2270	31605	27751
YM	Vio 25	2020	2022.4	15	1	1			1			5	20	2685	57750	43632	43632	-14118	-14118	-24.4%	https://www.kijiji.ca/v-heavy-equipment-machinery/winnipeg/sold-new-2020-yanmar-vio25-mini-excavator/1614029117	2.051	1003	13967	28085
Kub	U55	2018	2022.5	720	1	1			1	1	1	4.5	48	5391	83000	80302	80302	-2698	-2698	-3.3%	https://www.kijiji.ca/v-heavy-equipment-machinery/guelph/kubota-u55-excavator/1621343971	3.774	1846	25706	28404
Kob	SK85CS-3	2015	2022.3	4857	1	1				1	1	4	55	8490	72000	63981	63981	-8019	-8019	-11.1%	https://www.kijiji.ca/v-heavy-equipment-machinery/gatineau/2015-pelle-kobelco-sk85cs-3-a-vendre/1614517565	3.007	1471	20481	28500
WN	3503	2014	2022.3	1059	1	1			1	2	1	3	31	4286	59900	46110	46110	-13790	-13790	-23.0%	https://www.kijiji.ca/v-heavy-equipment-machinery/regina/2014-wacker-neuson-3503-mini-excavator/m519814	2.167	1060	14760	28550
Kub	KX040-4	2018	2022.5	430		1			1	3	1	4	42	4490	88000	82764	75067	-5236	-12933	-6.0%	https://www.kijiji.ca/v-heavy-equipment-machinery/markham-york-region/kubota-kx040-4-new-price-motivated-seller/1622297128?cid=9267c8c9-5f90-4414-a6d7-ea7994397eb1	3.528	1726	24030	29266
Bob	E42	2020	2022.5	694	1				1	1	1	4	43	4205	75022	67236	67236	-7786	-7786	-10.4%	https://www.machinerytrader.com/listing/auction-results/214194189/2020-bobcat-e42-mini-up-to-12000-lbs-excavators	3.160	1546	21523	29309
Kub	U35	2016	2022.4	2700	1	1			1	1	1	5	25	2019	64900	51801	51801	-13099	-13099	-20.2%	https://www.kijiji.ca/v-heavy-equipment-machinery/saint-john/kubota-u35-excavator/1618055168?cid=fd05e9ec-578a-4d19-9fb8-1e9cf91625f6	2.435	1191	16582	29681
Tak	TB260C	2015	2022.4	2766	1	1			1	1	1	4	48	5500	74000	64907	64907	-9093	-9093	-12.3%	https://www.kijiji.ca/v-heavy-equipment-machinery/sudbury/takeuchi-excavator-tb260c-for-sale/1611668751	3.051	1492	20778	29870
Bob	E45	2019	2021	490	1					1	1	4.5	42	4580	70500	59342	59342	-11158	-11158	-15.8%	https://www.machinerytrader.com/listing/auction-results/199430359/2019-bobcat-e45-mini-up-to-12000-lbs-excavators	2.789	1364	18996	30154
Hit	50U	2019	2022.4	20	1	1			1	2	1	5	36	4790	89900	87874	87874	-2026	-2026	-2.3%	https://www.kijiji.ca/v-heavy-equipment-machinery/edmonton/2019-hitachi-50u-excavator-mini-midi-only-20-hours/1615172670	4.130	2020	28129	30156
Hit	ZX85	2011	2022.3	4330		1	1			1	1	4	53	8930	85000	77148	69973	-7852	-15027	-9.2%	https://www.kijiji.ca/v-heavy-equipment-machinery/st-albert/2011-hitachi-zx85-hydraulic-excavator/m3281070	3.289	1609	22399	30251
Kub	KX080-4S	2019	2022.4	1641		1			1	1	1	4	67	8280	104000	103827	94171	-173	-9829	-0.2%	https://www.kijiji.ca/v-farming-equipment/markham-york-region/2019-kubota-kx080-4s-8-0t/1614947878	4.426	2165	30145	30318
Kub	KX161-3	2007	2022.4	4090	1				1	1	1	4	47	5250	61315	44917	44917	-16398	-16398	-26.7%	https://www.machinerytrader.com/listing/auction-results/213641893/2007-kubota-kx161-3-mini-up-to-12000-lbs-excavators	2.111	1033	14378	30777
Kub	KX080-4	2020	2022.6	281		1			1	2	1	4.5	67	8280	119900	125378	113718	5478	-6182	4.6%	https://www.kijiji.ca/v-heavy-equipment-machinery/kamloops/2020-kubota-kx-080-4-excavator/1614117739	5.345	2615	36402	30924
Bob	E35i	2014	2022.3	2510		1	1		1	1	1	4	25	3387	65000	47741	43301	-17259	-21699	-26.6%	https://www.kijiji.ca/v-heavy-equipment-machinery/windsor-area-on/mini-excavator-bobcat-e35-2014/1616732421	2.035	996	13861	31120
Cat	305.5	2015	2022.3	1827	1	1			1	1	1	4	42	5400	78000	68727	68727	-9273	-9273	-11.9%	https://www.kijiji.ca/v-heavy-equipment-machinery/kenora/2015-caterpillar-305-5-ecr-mini-excavator-1825-hrs/1614613239	3.230	1580	22000	31274
Tak	TB280FR	2015	2022.2	1184	1					1	1	4	69	8530	89239	85079	85079	-4160	-4160	-4.7%	https://www.machinerytrader.com/listing/auction-results/211611745/2015-takeuchi-tb280fr-crawler-excavators	3.999	1956	27235	31395
Case	CX 75C SR	2018	2022.4	2091		1		1			1	5	54	7591	103700	100722	91355	-2978	-12345	-2.9%	https://www.kijiji.ca/v-equipement-lourd/laval-rive-nord/2018-case-cx75c-sr/m1942351	4.294	2100	29244	32222
JD	50G	2020	2022.3	17		1			1	1	1	4.5	36	4730	98000	92193	83619	-5807	-14381	-5.9%	https://www.kijiji.ca/v-heavy-equipment-machinery/windsor-area-on/2020-mini-excavator-john-deere-50g/1615127832	3.930	1923	26767	32575
Hit	ZX135-US-3	2011	2022.5	7151		1		1		1	1	4.5	93	13400	112000	111605	101226	-395	-10774	-0.4%	https://www.kijiji.ca/v-heavy-equipment-machinery/parksville-qualicum-beach/hitachi-zx135us-3-excavator/1611733221?cid=e0c7b7cb-922e-418c-a09a-97fcc0659ed2	4.758	2327	32404	32798
Cat	308E2 CR 	2014	2022.5	6400		1	1			1	1	4	65	8400	87500	76687	69555	-10813	-17945	-12.4%	https://www.kijiji.ca/v-heavy-equipment-machinery/fredericton/cat-308e2cr-excavator/1621937634	3.269	1599	22265	33079
Cat	308E2 CR 	2017	2022.4	1756		1		1	1	1	1	5	65	8400	117000	117768	106815	768	-10185	0.7%	https://www.kijiji.ca/v-heavy-equipment-machinery/kitchener-waterloo/2017-cat-308cr-e2-excavator-1756-hrs/1616526809?cid=17628a10-c1d4-44d6-828c-7723baf69cd5	5.020	2456	34193	33425
JD	75G	2013	2022.3	4224		1	1			1	1	4.5	57	8143	93700	84849	76958	-8851	-16742	-9.4%	https://www.kijiji.ca/v-equipement-lourd/ville-de-quebec/2013-john-deere-75d/m3492086	3.617	1769	24635	33486
JD	60G	2017	2022.4	889	1	1			1	2	1	4	53	6180	92000	86041	86041	-5959	-5959	-6.5%	https://www.kijiji.ca/v-heavy-equipment-machinery/stratford-on/john-deere-60g/1614009207	4.044	1978	27543	33502
JD	50G	2017	2022.4	380	1	1			1	1	1	4	36	4730	83000	72695	72695	-10305	-10305	-12.4%	https://www.kijiji.ca/v-heavy-equipment-machinery/richmond-bc/john-deere-50g-excavator-380hours-only-mint-condition/1609808012	3.417	1671	23271	33575
Kom	PC78 US-8	2010	2022.4	4046		1		1		1	1	4.5	55	7382	78500	63300	57413	-15200	-21087	-19.4%	https://www.kijiji.ca/v-heavy-equipment-machinery/vernon/komatsu-pc-78-us-8-excavator/1616120900	2.698	1320	18379	33578
Kub	KX57-4	2008	2022.3	6500		1	1		1	1	1	3.5	48	5725	65000	44252	40136	-20748	-24864	-31.9%	https://www.kijiji.ca/v-heavy-equipment-machinery/yarmouth/kubota-kx57-4-6t-mini-excavator/1615228907?cid=37518a63-d6ec-4dcb-88ae-a9a781e5f627	1.886	923	12848	33596
Hit	50U	2022	2022.5	15		1			1	1	1	5	36	4790	105900	101627	92176	-4273	-13724	-4.0%	https://www.kijiji.ca/v-heavy-equipment-machinery/owen-sound/2022-5-ton-hitatchi-excavator/1620802529?cid=59458f96-7550-4573-966b-ea7278d7af7c	4.332	2119	29507	33779
NH	E60C	2017	2022.3	800	1	1			1	1	1	5	65	6000	100000	97312	97312	-2688	-2688	-2.7%	https://www.kijiji.ca/v-heavy-equipment-machinery/city-of-toronto/mini-ex-for-sale/1613921213	4.574	2237	31151	33839
YM	Vio 55A	2018	2022.5	850					1	1		4	48	5386	77622	61361	55654	-16261	-21968	-20.9%	https://www.machinerytrader.com/listing/for-sale/213412693/2018-yanmar-vio55-6a-mini-up-to-12000-lbs-excavators	2.616	1280	17816	34077
Bob	E45	2016	2021.75	589	1				1	1	1	4.5	42	4580	75807	61048	61048	-14759	-14759	-19.5%	https://www.machinerytrader.com/listing/auction-results/207309091/2016-bobcat-e45-mini-up-to-12000-lbs-excavators	2.869	1404	19542	34301
Case	CX 80C	2016	2022	3753	1	1	1		1	1	1	4	55	8527	86000	74468	74468	-11532	-11532	-13.4%	https://www.kijiji.ca/v-heavy-equipment-machinery/ottawa/2016-case-cx80c-excavator/1604957660	3.500	1712	23838	35370
Doos	DX85R	2018	2022.4	1200		1	1		1	1	1	4.5	60	8600	112800	108461	98374	-4339	-14426	-3.8%	https://www.kijiji.ca/v-heavy-equipment-machinery/north-bay/2018-doosan-dx85r-8-ton-excavator-for-sale/1619661203	4.623	2262	31491	35830
Cat	305E CR	2012	2022.4	321	1				1	1	1	5	42	5185	85200	71725	71725	-13475	-13475	-15.8%	https://www.machinerytrader.com/listing/auction-results/214007215/2012-caterpillar-305e-cr-mini-up-to-12000-lbs-excavators	3.371	1649	22960	36435
Kub	U55-5	2022	2022.3	121	1	1			1	1	1	5	48	5391	102000	94785	94785	-7215	-7215	-7.1%	https://www.kijiji.ca/v-heavy-equipment-machinery/windsor-area-on/2022-kubota-u55-5-excavator/1618285655	4.455	2179	30342	37557
Bob	E50	2020	2022.4	685		1				2	1	5	50	4864	109000	100478	91134	-8522	-17866	-7.8%	https://www.kijiji.ca/v-heavy-equipment-machinery/kitchener-waterloo/2020-bobcat-e50-excavator/1620246261?cid=7fbef2e3-306a-4e5d-9dfd-488527a1dde7	4.283	2095	29173	37695
Cat	308E2	2014	2022.4	7000		1				1	1	4.5	65	8400	98000	82979	75262	-15021	-22738	-15.3%	https://www.kijiji.ca/v-equipement-agricole/ville-de-montreal/caterpillar-308e2-cr-excavator-metal-tracks-pelle-excavatrice/1620379588	3.537	1730	24092	39113
Bob	E85	2020	2022.5	650		1			1	1	1	5	66	8626	135000	133407	121001	-1593	-13999	-1.2%	https://www.kijiji.ca/v-heavy-equipment-machinery/cambridge/2020-bobcat-e85-mini-x-excavator-fully-loaded/1621519416?cid=9267c8c9-5f90-4414-a6d7-ea7994397eb1	5.687	2782	38734	40326
Hit	ZX75US-3	2012	2022.6	6000		1			1	2	1	4	57	8265	94500	76310	69213	-18190	-25287	-19.2%	https://www.kijiji.ca/v-heavy-equipment-machinery/kamloops/zx75us-3-hitachi-excavator-very-clean-and-tight-w-hoepac/1623398315	3.253	1591	22156	40346
Tak	TB180FRC	2014	2022.3	2958	1	1			1	2	1	4	60	8409	96520	81792	81792	-14728	-14728	-15.3%	https://www.kijiji.ca/v-heavy-equipment-machinery/city-of-toronto/2014-takeuchi-tb180frc-_-excavator-10ton-_-special-sale/1613611333	3.844	1881	26182	40911
Kub	KX080-4	2013	2022.4	1694		1			1	4	1	4	67	8280	110000	96524	87548	-13476	-22452	-12.3%	https://www.kijiji.ca/v-heavy-equipment-machinery/red-deer/2013-kubota-kx-080-4-reduced-to-110-000-obo/1617426697	4.115	2013	28025	41501
Kub	KX040-4	2013	2022.4	1800		1			1	4	1	4.5	42	4490	95000	75218	68223	-19782	-26777	-20.8%	https://www.kijiji.ca/v-heavy-equipment-machinery/north-bay/2013-kubota-excavator-kx040-4/1620096822?cid=9267c8c9-5f90-4414-a6d7-ea7994397eb1	3.206	1569	21839	41621
YM	Vio 55A	2018	2022.5	2800	1				1	1		3.5	48	5386	75574	47620	47620	-27954	-27954	-37.0%	https://www.machinerytrader.com/listing/for-sale/203408933/2018-yanmar-vio55-6a-mini-up-to-12000-lbs-excavators	2.238	1095	15244	43198
Bob	E50	2013	2022.4	669	1	1			1	2	1	4	50	4864	89500	67909	67909	-21591	-21591	-24.1%	https://www.kijiji.ca/v-heavy-equipment-machinery/oshawa-durham-region/bobcat-e50-excavator/1609776146	3.192	1561	21739	43329
Hit	ZX75US-5	2015	2022.4	2603	1	1	1		1	2	1	5	57	8265	109000	92853	92853	-16147	-16147	-14.8%	https://www.kijiji.ca/v-heavy-equipment-machinery/parksville-qualicum-beach/hitachi-zx75us-5-excavator/1588513756	4.364	2135	29723	45870
Cat	306	2021	2022.5	125		1				1	1	5	47	5818	147999	115115	104409	-32884	-43590	-22.2%	https://www.kijiji.ca/v-heavy-equipment-machinery/owen-sound/cat-306/1619879611	4.907	2401	33423	66307